HYBRID_ID,HEAT_RES,DROUGHT_RES,HEAT_DROUGHT_RES
H1000,,,
H1001,,,
H1002,,,
H1003,,,
H1004,,,
H1005,,,
H1006,,,
H1007,,,
H1008,,,
H1009,,,
H1010,,,
H1011,,,
H1012,,,
H1013,,,
H1014,,,
H1015,,,
H1016,,,
H1017,,,
H1018,,,
H1019,,,
H1020,,,
H1021,,,
H1022,,,
H1023,,,
H1024,,,
H1025,,,
H1026,,,
H1027,,,
H1028,,,
H1029,,,
H1030,,,
H1031,,,
H1032,,,
H1033,,,
H1035,,,
H1036,,,
H1037,,,
H1038,,,
H1039,,,
H1040,,,
H1041,,,
H1042,,,
H1043,,,
H1044,,,
H1045,,,
H1046,,,
H1047,,,
H1048,,,
H1049,,,
H1051,,,
H1052,,,
H1053,,,
H1054,,,
H1055,,,
H1056,,,
H1057,,,
H1058,,,
H1059,,,
H1060,,,
H1061,,,
H1062,,,
H1063,,,
H1064,,,
H1065,,,
H1066,,,
H1067,,,
H1068,,,
H1069,,,
H1070,,,
H1071,,,
H1072,,,
H1073,,,
H1074,,,
H1075,,,
H1076,,,
H1077,,,
H1078,,,
H1079,,,
H1080,,,
H1081,,,
H1082,,,
H1083,,,
H1084,,,
H1085,,,
H1086,,,
H1087,,,
H1088,,,
H1089,,,
H1090,,,
H1091,,,
H1092,,,
H1093,,,
H1094,,,
H1095,,,
H1096,,,
H1097,,,
H1098,,,
H1099,,,
H1100,,,
H1101,,,
H1102,,,
H1103,,,
H1104,,,
H1105,,,
H1106,,,
H1107,,,
H1108,,,
H1109,,,
H1110,,,
H1111,,,
H1112,,,
H1113,,,
H1114,,,
H1115,,,
H1116,,,
H1117,,,
H1118,,,
H1120,,,
H1121,,,
H1122,,,
H1123,,,
H1124,,,
H1125,,,
H1126,,,
H1127,,,
H1128,,,
H1129,,,
H1131,,,
H1132,,,
H1133,,,
H1134,,,
H1135,,,
H1136,,,
H1137,,,
H1138,,,
H1139,,,
H1140,,,
H1141,,,
H1142,,,
H1143,,,
H1144,,,
H1145,,,
H1146,,,
H1147,,,
H1148,,,
H1149,,,
H1150,,,
H1151,,,
H1152,,,
H1153,,,
H1154,,,
H1155,,,
H1157,,,
H1158,,,
H1159,,,
H1160,,,
H1161,,,
H1162,,,
H1164,,,
H1165,,,
H1166,,,
H1167,,,
H1168,,,
H1169,,,
H1170,,,
H1171,,,
H1173,,,
H1174,,,
H1175,,,
H1176,,,
H1177,,,
H1178,,,
H1179,,,
H1180,,,
H1181,,,
H1182,,,
H1183,,,
H1184,,,
H1185,,,
H1187,,,
H1188,,,
H1189,,,
H1190,,,
H1191,,,
H1192,,,
H1193,,,
H1194,,,
H1195,,,
H1196,,,
H1197,,,
H1198,,,
H1199,,,
H1200,,,
H1201,,,
H1202,,,
H1204,,,
H1205,,,
H1206,,,
H1207,,,
H1208,,,
H1209,,,
H1210,,,
H1211,,,
H1212,,,
H1213,,,
H1214,,,
H1215,,,
H1216,,,
H1217,,,
H1218,,,
H1219,,,
H1220,,,
H1222,,,
H1223,,,
H1224,,,
H1225,,,
H1226,,,
H1227,,,
H1228,,,
H1229,,,
H1230,,,
H1231,,,
H1232,,,
H1233,,,
H1234,,,
H1235,,,
H1236,,,
H1237,,,
H1238,,,
H1239,,,
H1240,,,
H1241,,,
H1242,,,
H1243,,,
H1244,,,
H1245,,,
H1246,,,
H1247,,,
H1248,,,
H1249,,,
H1250,,,
H1251,,,
H1252,,,
H1253,,,
H1254,,,
H1256,,,
H1257,,,
H1258,,,
H1259,,,
H1260,,,
H1261,,,
H1262,,,
H1263,,,
H1264,,,
H1265,,,
H1266,,,
H1267,,,
H1269,,,
H1270,,,
H1271,,,
H1272,,,
H1273,,,
H1274,,,
H1275,,,
H1276,,,
H1277,,,
H1278,,,
H1279,,,
H1280,,,
H1281,,,
H1282,,,
H1283,,,
H1284,,,
H1286,,,
H1287,,,
H1288,,,
H1289,,,
H1290,,,
H1292,,,
H1293,,,
H1294,,,
H1295,,,
H1296,,,
H1297,,,
H1298,,,
H1299,,,
H1300,,,
H1301,,,
H1302,,,
H1303,,,
H1304,,,
H1306,,,
H1307,,,
H1308,,,
H1309,,,
H1310,,,
H1311,,,
H1312,,,
H1313,,,
H1314,,,
H1315,,,
H1316,,,
H1317,,,
H1318,,,
H1319,,,
H1320,,,
H1321,,,
H1323,,,
H1324,,,
H1326,,,
H1327,,,
H1329,,,
H1330,,,
H1331,,,
H1332,,,
H1335,,,
H1336,,,
H1337,,,
H1338,,,
H1339,,,
H1340,,,
H1341,,,
H1342,,,
H1343,,,
H1344,,,
H1345,,,
H1347,,,
H1348,,,
H1349,,,
H1350,,,
H1352,,,
H1353,,,
H1354,,,
H1356,,,
H1357,,,
H1358,,,
H1359,,,
H1360,,,
H1361,,,
H1362,,,
H1363,,,
H1364,,,
H1365,,,
H1366,,,
H1367,,,
H1368,,,
H1369,,,
H1370,,,
H1371,,,
H1372,,,
H1373,,,
H1374,,,
H1376,,,
H1377,,,
H1378,,,
H1379,,,
H1380,,,
H1381,,,
H1382,,,
H1383,,,
H1384,,,
H1385,,,
H1386,,,
H1387,,,
H1388,,,
H1389,,,
H1392,,,
H1393,,,
H1394,,,
H1395,,,
H1396,,,
H1397,,,
H1398,,,
H1399,,,
H1401,,,
H1402,,,
H1403,,,
H1404,,,
H1405,,,
H1408,,,
H1409,,,
H1410,,,
H1411,,,
H1412,,,
H1413,,,
H1414,,,
H1415,,,
H1416,,,
H1417,,,
H1418,,,
H1419,,,
H1420,,,
H1421,,,
H1423,,,
H1424,,,
H1425,,,
H1426,,,
H1427,,,
H1428,,,
H1430,,,
H1431,,,
H1432,,,
H1433,,,
H1434,,,
H1435,,,
H1436,,,
H1437,,,
H1438,,,
H1439,,,
H1440,,,
H1441,,,
H1442,,,
H1443,,,
H1445,,,
H1446,,,
H1447,,,
H1450,,,
H1451,,,
H1452,,,
H1453,,,
H1454,,,
H1455,,,
H1456,,,
H1457,,,
H1458,,,
H1459,,,
H1460,,,
H1461,,,
H1462,,,
H1463,,,
H1464,,,
H1465,,,
H1466,,,
H1468,,,
H1469,,,
H1470,,,
H1471,,,
H1472,,,
H1474,,,
H1475,,,
H1476,,,
H1478,,,
H1479,,,
H1480,,,
H1481,,,
H1482,,,
H1483,,,
H1484,,,
H1486,,,
H1487,,,
H1488,,,
H1489,,,
H1491,,,
H1492,,,
H1493,,,
H1494,,,
H1495,,,
H1496,,,
H1497,,,
H1498,,,
H1499,,,
H1500,,,
H1501,,,
H1503,,,
H1504,,,
H1505,,,
H1506,,,
H1508,,,
H1509,,,
H1510,,,
H1511,,,
H1513,,,
H1514,,,
H1515,,,
H1516,,,
H1517,,,
H1518,,,
H1521,,,
H1522,,,
H1523,,,
H1524,,,
H1525,,,
H1526,,,
H1527,,,
H1528,,,
H1529,,,
H1530,,,
H1531,,,
H1532,,,
H1533,,,
H1534,,,
H1535,,,
H1536,,,
H1537,,,
H1538,,,
H1539,,,
H1540,,,
H1541,,,
H1542,,,
H1543,,,
H1544,,,
H1545,,,
H1546,,,
H1547,,,
H1548,,,
H1549,,,
H1550,,,
H1551,,,
H1553,,,
H1554,,,
H1555,,,
H1556,,,
H1557,,,
H1558,,,
H1559,,,
H1560,,,
H1561,,,
H1562,,,
H1563,,,
H1564,,,
H1565,,,
H1566,,,
H1567,,,
H1568,,,
H1569,,,
H1570,,,
H1571,,,
H1572,,,
H1573,,,
H1574,,,
H1575,,,
H1576,,,
H1577,,,
H1578,,,
H1579,,,
H1580,,,
H1581,,,
H1582,,,
H1583,,,
H1584,,,
H1585,,,
H1586,,,
H1587,,,
H1588,,,
H1589,,,
H1590,,,
H1591,,,
H1593,,,
H1594,,,
H1595,,,
H1596,,,
H1598,,,
H1600,,,
H1601,,,
H1602,,,
H1603,,,
H1604,,,
H1605,,,
H1606,,,
H1607,,,
H1608,,,
H1609,,,
H1610,,,
H1611,,,
H1613,,,
H1614,,,
H1615,,,
H1616,,,
H1617,,,
H1618,,,
H1619,,,
H1620,,,
H1621,,,
H1622,,,
H1623,,,
H1624,,,
H1625,,,
H1627,,,
H1628,,,
H1629,,,
H1630,,,
H1631,,,
H1632,,,
H1633,,,
H1635,,,
H1637,,,
H1638,,,
H1639,,,
H1640,,,
H1641,,,
H1642,,,
H1643,,,
H1644,,,
H1645,,,
H1646,,,
H1647,,,
H1648,,,
H1649,,,
H1651,,,
H1652,,,
H1653,,,
H1654,,,
H1655,,,
H1656,,,
H1657,,,
H1658,,,
H1660,,,
H1661,,,
H1664,,,
H1665,,,
H1666,,,
H1667,,,
H1668,,,
H1670,,,
H1671,,,
H1672,,,
H1673,,,
H1674,,,
H1675,,,
H1677,,,
H1678,,,
H1679,,,
H1680,,,
H1681,,,
H1682,,,
H1683,,,
H1684,,,
H1685,,,
H1686,,,
H1687,,,
H1688,,,
H1689,,,
H1690,,,
H1691,,,
H1693,,,
H1694,,,
H1695,,,
H1696,,,
H1697,,,
H1698,,,
H1699,,,
H1700,,,
H1701,,,
H1702,,,
H1703,,,
H1704,,,
H1705,,,
H1706,,,
H1707,,,
H1708,,,
H1710,,,
H1712,,,
H1713,,,
H1714,,,
H1715,,,
H1716,,,
H1717,,,
H1718,,,
H1719,,,
H1720,,,
H1721,,,
H1722,,,
H1723,,,
H1724,,,
H1725,,,
H1726,,,
H1728,,,
H1729,,,
H1730,,,
H1731,,,
H1732,,,
H1733,,,
H1734,,,
H1735,,,
H1736,,,
H1738,,,
H1739,,,
H1740,,,
H1742,,,
H1743,,,
H1744,,,
H1746,,,
H1748,,,
H1749,,,
H1750,,,
H1751,,,
H1752,,,
H1753,,,
H1754,,,
H1755,,,
H1756,,,
H1757,,,
H1758,,,
H1759,,,
H1760,,,
H1761,,,
H1762,,,
H1763,,,
H1764,,,
H1765,,,
H1766,,,
H1767,,,
H1768,,,
H1770,,,
H1771,,,
H1773,,,
H1775,,,
H1776,,,
H1777,,,
H1778,,,
H1779,,,
H1780,,,
H1781,,,
H1782,,,
H1784,,,
H1785,,,
H1786,,,
H1787,,,
H1789,,,
H1791,,,
H1792,,,
H1793,,,
H1794,,,
H1795,,,
H1796,,,
H1797,,,
H1798,,,
H1799,,,
H1800,,,
H1801,,,
H1802,,,
H1803,,,
H1805,,,
H1806,,,
H1807,,,
H1808,,,
H1809,,,
H1810,,,
H1813,,,
H1814,,,
H1815,,,
H1816,,,
H1817,,,
H1819,,,
H1820,,,
H1821,,,
H1822,,,
H1823,,,
H1824,,,
H1825,,,
H1827,,,
H1828,,,
H1829,,,
H1830,,,
H1831,,,
H1832,,,
H1833,,,
H1834,,,
H1835,,,
H1836,,,
H1838,,,
H1839,,,
H1840,,,
H1841,,,
H1843,,,
H1845,,,
H1846,,,
H1847,,,
H1848,,,
H1849,,,
H1850,,,
H1851,,,
H1852,,,
H1853,,,
H1854,,,
H1855,,,
H1856,,,
H1858,,,
H1859,,,
H1860,,,
H1862,,,
H1863,,,
H1864,,,
H1866,,,
H1869,,,
H1870,,,
H1871,,,
H1872,,,
H1873,,,
H1874,,,
H1875,,,
H1876,,,
H1877,,,
H1878,,,
H1879,,,
H1880,,,
H1881,,,
H1883,,,
H1884,,,
H1885,,,
H1888,,,
H1889,,,
H1890,,,
H1891,,,
H1892,,,
H1893,,,
H1894,,,
H1895,,,
H1896,,,
H1897,,,
H1899,,,
H1900,,,
H1901,,,
H1902,,,
H1903,,,
H1904,,,
H1905,,,
H1906,,,
H1907,,,
H1908,,,
H1909,,,
H1910,,,
H1911,,,
H1912,,,
H1913,,,
H1914,,,
H1915,,,
H1916,,,
H1917,,,
H1918,,,
H1919,,,
H1920,,,
H1921,,,
H1922,,,
H1923,,,
H1924,,,
H1925,,,
H1926,,,
H1927,,,
H1928,,,
H1929,,,
H1930,,,
H1931,,,
H1933,,,
H1935,,,
H1936,,,
H1937,,,
H1938,,,
H1939,,,
H1940,,,
H1941,,,
H1942,,,
H1943,,,
H1944,,,
H1945,,,
H1946,,,
H1947,,,
H1948,,,
H1949,,,
H1951,,,
H1952,,,
H1953,,,
H1955,,,
H1956,,,
H1957,,,
H1959,,,
H1960,,,
H1962,,,
H1963,,,
H1965,,,
H1966,,,
H1967,,,
H1968,,,
H1969,,,
H1970,,,
H1971,,,
H1972,,,
H1973,,,
H1974,,,
H1975,,,
H1976,,,
H1977,,,
H1978,,,
H1980,,,
H1981,,,
H1982,,,
H1983,,,
H1985,,,
H1986,,,
H1987,,,
H1989,,,
H1990,,,
H1991,,,
H1992,,,
H1993,,,
H1994,,,
H1995,,,
H1996,,,
H1997,,,
H1998,,,
H1999,,,
H2000,,,
H2003,,,
H2004,,,
H2005,,,
H2007,,,
H2009,,,
H2010,,,
H2011,,,
H2012,,,
H2013,,,
H2014,,,
H2015,,,
H2016,,,
H2017,,,
H2018,,,
H2019,,,
H2020,,,
H2021,,,
H2022,,,
H2023,,,
H2024,,,
H2025,,,
H2027,,,
H2028,,,
H2029,,,
H2031,,,
H2033,,,
H2034,,,
H2035,,,
H2036,,,
H2037,,,
H2038,,,
H2039,,,
H2040,,,
H2041,,,
H2042,,,
H2043,,,
H2044,,,
H2045,,,
H2046,,,
H2048,,,
H2049,,,
H2050,,,
H2051,,,
H2052,,,
H2053,,,
H2054,,,
H2057,,,
H2058,,,
H2059,,,
H2060,,,
H2061,,,
H2062,,,
H2063,,,
H2064,,,
H2065,,,
H2066,,,
H2067,,,
H2068,,,
H2069,,,
H2070,,,
H2071,,,
H2072,,,
H2073,,,
H2074,,,
H2075,,,
H2076,,,
H2077,,,
H2078,,,
H2079,,,
H2080,,,
H2082,,,
H2085,,,
H2086,,,
H2088,,,
H2089,,,
H2091,,,
H2092,,,
H2093,,,
H2094,,,
H2095,,,
H2096,,,
H2097,,,
H2098,,,
H2099,,,
H2100,,,
H2102,,,
H2103,,,
H2104,,,
H2106,,,
H2108,,,
H2109,,,
H2110,,,
H2112,,,
H2113,,,
H2114,,,
H2115,,,
H2116,,,
H2117,,,
H2118,,,
H2119,,,
H2120,,,
H2122,,,
H2123,,,
H2124,,,
H2125,,,
H2126,,,
H2127,,,
H2129,,,
H2130,,,
H2131,,,
H2132,,,
H2135,,,
H2136,,,
H2137,,,
H2138,,,
H2139,,,
H2140,,,
H2141,,,
H2142,,,
H2143,,,
H2144,,,
H2145,,,
H2146,,,
H2147,,,
H2148,,,
H2149,,,
H2150,,,
H2151,,,
H2152,,,
H2153,,,
H2154,,,
H2156,,,
H2157,,,
H2158,,,
H2159,,,
H2161,,,
H2164,,,
H2165,,,
H2166,,,
H2167,,,
H2168,,,
H2169,,,
H2170,,,
H2171,,,
H2172,,,
H2174,,,
H2175,,,
H2176,,,
H2177,,,
H2178,,,
H2179,,,
H2180,,,
H2181,,,
H2182,,,
H2183,,,
H2184,,,
H2185,,,
H2186,,,
H2187,,,
H2188,,,
H2189,,,
H2190,,,
H2191,,,
H2192,,,
H2193,,,
H2195,,,
H2196,,,
H2198,,,
H2199,,,
H2201,,,
H2202,,,
H2203,,,
H2204,,,
H2205,,,
H2206,,,
H2207,,,
H2210,,,
H2211,,,
H2213,,,
H2214,,,
H2215,,,
H2216,,,
H2217,,,
H2218,,,
H2220,,,
H2221,,,
H2224,,,
H2225,,,
H2226,,,
H2227,,,
H2228,,,
H2229,,,
H2230,,,
H2231,,,
H2232,,,
H2233,,,
H2236,,,
H2237,,,
H2238,,,
H2239,,,
H2240,,,
H2241,,,
H2242,,,
H2243,,,
H2244,,,
H2245,,,
H2246,,,
H2247,,,
H2249,,,
H2250,,,
H2252,,,
H2253,,,
H2254,,,
H2255,,,
H2256,,,
H2257,,,
H2258,,,
H2259,,,
H2260,,,
H2261,,,
H2262,,,
H2263,,,
H2264,,,
H2266,,,
H2267,,,
H2268,,,
H2269,,,
H2270,,,
H2271,,,
H2272,,,
H2273,,,
H2274,,,
H2275,,,
H2276,,,
H2277,,,
H2279,,,
H2280,,,
H2281,,,
H2282,,,
H2284,,,
H2285,,,
H2288,,,
H2289,,,
H2291,,,
H2292,,,
H2293,,,
H2294,,,
H2295,,,
H2296,,,
H2297,,,
H2298,,,
H2300,,,
H2301,,,
H2302,,,
H2303,,,
H2304,,,
H2305,,,
H2306,,,
H2307,,,
H2308,,,
H2309,,,
H2310,,,
H2311,,,
H2312,,,
H2313,,,
H2314,,,
H2315,,,
H2316,,,
H2317,,,
H2318,,,
H2319,,,
H2321,,,
H2322,,,
H2323,,,
H2325,,,
H2326,,,
H2327,,,
H2328,,,
H2329,,,
H2330,,,
H2331,,,
H2332,,,
H2333,,,
H2334,,,
H2335,,,
H2337,,,
H2338,,,
H2339,,,
H2340,,,
H2341,,,
H2342,,,
H2343,,,
H2344,,,
H2345,,,
H2346,,,
H2347,,,
H2348,,,
H2349,,,
H2350,,,
H2351,,,
H2352,,,
H2354,,,
H2355,,,
H2356,,,
H2358,,,
H2359,,,
H2360,,,
H2361,,,
H2362,,,
H2363,,,
H2364,,,
H2365,,,
H2366,,,
H2367,,,
H2368,,,
H2369,,,
H2370,,,
H2371,,,
H2372,,,
H2373,,,
H2374,,,
H2376,,,
H2377,,,
H2378,,,
H2379,,,
H2380,,,
H2382,,,
H2383,,,
H2384,,,
H2385,,,
H2386,,,
H2387,,,
H2388,,,
H2389,,,
H2391,,,
H2392,,,
H2394,,,
H2395,,,
H2398,,,
H2400,,,
H2401,,,
H2403,,,
H2404,,,
H2405,,,
H2406,,,
H2407,,,
H2408,,,
H2410,,,
H2411,,,
H2412,,,
H2413,,,
H2414,,,
H2415,,,
H2417,,,
H2418,,,
H2419,,,
H2420,,,
H2421,,,
H2423,,,
H2424,,,
H2425,,,
H2426,,,
H2427,,,
H2428,,,
H2429,,,
H2430,,,
H2431,,,
H2432,,,
H2433,,,
H2434,,,
H2436,,,
H2437,,,
H2438,,,
H2439,,,
H2440,,,
H2441,,,
H2442,,,
H2444,,,
H2445,,,
H2447,,,
H2448,,,
H2449,,,
H2450,,,
H2451,,,
H2452,,,
H2454,,,
H2455,,,
H2456,,,
H2457,,,
H2458,,,
H2459,,,
H2460,,,
H2463,,,
H2464,,,
H2465,,,
H2466,,,
H2468,,,
H2469,,,
H2471,,,
H2472,,,
H2474,,,
H2475,,,
H2476,,,
H2477,,,
H2479,,,
H2480,,,
H2481,,,
H2482,,,
H2483,,,
H2484,,,
H2485,,,
H2487,,,
H2488,,,
H2489,,,
H2490,,,
H2492,,,
H2493,,,
H2494,,,
H2496,,,
H2497,,,
H2498,,,
H2500,,,
H2501,,,
H2502,,,
H2504,,,
H2505,,,
H2506,,,
H2507,,,
H2508,,,
H2509,,,
H2510,,,
H2511,,,
H2512,,,
H2513,,,
H2514,,,
H2515,,,
H2516,,,
H2517,,,
H2518,,,
H2519,,,
H2520,,,
H2521,,,
H2522,,,
H2523,,,
H2524,,,
H2525,,,
H2526,,,
H2529,,,
H2531,,,
H2533,,,
H2534,,,
H2536,,,
H2537,,,
H2538,,,
H2540,,,
H2541,,,
H2542,,,
H2543,,,
H2544,,,
H2545,,,
H2546,,,
H2547,,,
H2548,,,
H2549,,,
H2550,,,
H2551,,,
H2552,,,
H2553,,,
H2555,,,
H2556,,,
H2557,,,
H2558,,,
H2560,,,
H2561,,,
H2562,,,
H2563,,,
H2565,,,
H2566,,,
H2567,,,
H2569,,,
H2570,,,
H2571,,,
H2572,,,
H2573,,,
H2574,,,
H2575,,,
H2576,,,
H2577,,,
H2578,,,
H2579,,,
H2580,,,
H2581,,,
H2582,,,
H2583,,,
H2584,,,
H2585,,,
H2587,,,
H2588,,,
H2590,,,
H2591,,,
H2593,,,
H2594,,,
H2595,,,
H2596,,,
H2597,,,
H2598,,,
H2599,,,
H2600,,,
H2601,,,
H2602,,,
H2603,,,
H2604,,,
H2605,,,
H2606,,,
H2608,,,
H2609,,,
H2611,,,
H2612,,,
H2615,,,
H2616,,,
H2618,,,
H2620,,,
H2621,,,
H2622,,,
H2625,,,
H2626,,,
H2629,,,
H2632,,,
H2633,,,
H2635,,,
H2636,,,
H2638,,,
H2640,,,
H2641,,,
H2642,,,
H2643,,,
H2645,,,
H2646,,,
H2647,,,
H2648,,,
H2649,,,
H2651,,,
H2652,,,
H2653,,,
H2654,,,
H2655,,,
H2656,,,
H2657,,,
H2658,,,
H2659,,,
H2660,,,
H2662,,,
H2663,,,
H2664,,,
H2665,,,
H2666,,,
H2667,,,
H2668,,,
H2669,,,
H2671,,,
H2672,,,
H2673,,,
H2674,,,
H2675,,,
H2676,,,
H2677,,,
H2678,,,
H2679,,,
H2680,,,
H2681,,,
H2682,,,
H2683,,,
H2684,,,
H2685,,,
H2686,,,
H2688,,,
H2689,,,
H2690,,,
H2691,,,
H2692,,,
H2693,,,
H2694,,,
H2695,,,
H2696,,,
H2698,,,
H2699,,,
H2700,,,
H2701,,,
H2702,,,
H2703,,,
H2705,,,
H2706,,,
H2708,,,
H2709,,,
H2710,,,
H2711,,,
H2712,,,
H2713,,,
H2715,,,
H2716,,,
H2717,,,
H2718,,,
H2719,,,
H2721,,,
H2722,,,
H2723,,,
H2724,,,
H2725,,,
H2728,,,
H2730,,,
H2731,,,
H2732,,,
H2733,,,
H2734,,,
H2735,,,
H2736,,,
H2737,,,
H2738,,,
H2739,,,
H2740,,,
H2742,,,
H2743,,,
H2744,,,
H2746,,,
H2749,,,
H2750,,,
H2751,,,
H2752,,,
H2753,,,
H2754,,,
H2756,,,
H2757,,,
H2758,,,
H2759,,,
H2760,,,
H2761,,,
H2762,,,
H2763,,,
H2764,,,
H2766,,,
H2767,,,
H2768,,,
H2769,,,
H2770,,,
H2771,,,
H2772,,,
H2773,,,
H2774,,,
H2775,,,
H2776,,,
H2778,,,
H2779,,,
H2782,,,
H2783,,,
H2784,,,
H2785,,,
H2786,,,
H2787,,,
H2788,,,
H2789,,,
H2790,,,
H2791,,,
H2793,,,
H2794,,,
H2795,,,
H2796,,,
H2797,,,
H2798,,,
H2799,,,
H2800,,,
H2802,,,
H2803,,,
H2804,,,
H2805,,,
H2808,,,
H2809,,,
H2810,,,
H2811,,,
H2812,,,
H2813,,,
H2814,,,
H2815,,,
H2816,,,
H2817,,,
H2818,,,
H2819,,,
H2820,,,
H2821,,,
H2822,,,
H2824,,,
H2826,,,
H2827,,,
H2828,,,
H2829,,,
H2830,,,
H2831,,,
H2832,,,
H2833,,,
H2835,,,
H2836,,,
H2837,,,
H2838,,,
H2839,,,
H2840,,,
H2842,,,
H2843,,,
H2844,,,
H2845,,,
H2846,,,
H2847,,,
H2848,,,
H2849,,,
H2850,,,
H2851,,,
H2852,,,
H2853,,,
H2854,,,
H2856,,,
H2859,,,
H2860,,,
H2861,,,
H2862,,,
H2863,,,
H2864,,,
H2866,,,
H2867,,,
H2868,,,
H2869,,,
H2870,,,
H2871,,,
H2873,,,
H2874,,,
H2875,,,
H2876,,,
H2878,,,
H2879,,,
H2881,,,
H2882,,,
H2884,,,
H2886,,,
H2887,,,
H2890,,,
H2891,,,
H2892,,,
H2893,,,
H2894,,,
H2895,,,
H2896,,,
H2898,,,
H2899,,,
H2900,,,
H2901,,,
H2902,,,
H2903,,,
H2904,,,
H2905,,,
H2907,,,
H2908,,,
H2909,,,
H2910,,,
H2911,,,
H2912,,,
H2913,,,
H2914,,,
H2915,,,
H2916,,,
H2917,,,
H2918,,,
H2919,,,
H2920,,,
H2921,,,
H2922,,,
H2923,,,
H2924,,,
H2925,,,
H2926,,,
H2928,,,
H2929,,,
H2930,,,
H2931,,,
H2932,,,
H2933,,,
H2934,,,
H2936,,,
H2937,,,
H2938,,,
H2940,,,
H2941,,,
H2942,,,
H2943,,,
H2944,,,
H2945,,,
H2946,,,
H2947,,,
H2950,,,
H2951,,,
H2952,,,
H2954,,,
H2955,,,
H2956,,,
H2958,,,
H2959,,,
H2960,,,
H2962,,,
H2963,,,
H2964,,,
H2965,,,
H2966,,,
H2967,,,
H2969,,,
H2970,,,
H2971,,,
H2972,,,
H2973,,,
H2974,,,
H2975,,,
H2976,,,
H2978,,,
H2979,,,
H2980,,,
H2981,,,
H2982,,,
H2983,,,
H2986,,,
H2987,,,
H2988,,,
H2990,,,
H2991,,,
H2992,,,
H2993,,,
H2995,,,
H2997,,,
H2998,,,
H2999,,,
H3000,,,
H3002,,,
H3003,,,
H3004,,,
H3006,,,
H3007,,,
H3009,,,
H3010,,,
H3011,,,
H3012,,,
H3013,,,
H3015,,,
H3016,,,
H3017,,,
H3018,,,
H3020,,,
H3021,,,
H3022,,,
H3023,,,
H3024,,,
H3025,,,
H3026,,,
H3027,,,
H3028,,,
H3029,,,
H3030,,,
H3031,,,
H3032,,,
H3033,,,
H3034,,,
H3035,,,
H3036,,,
H3037,,,
H3038,,,
H3040,,,
H3041,,,
H3042,,,
H3045,,,
H3046,,,
H3048,,,
H3049,,,
H3050,,,
H3052,,,
H3053,,,
H3054,,,
H3055,,,
H3056,,,
H3057,,,
H3058,,,
H3060,,,
H3061,,,
H3062,,,
H3063,,,
H3067,,,
H3068,,,
H3069,,,
H3071,,,
H3072,,,
H3073,,,
H3074,,,
H3075,,,
H3076,,,
H3077,,,
H3078,,,
H3079,,,
H3080,,,
H3081,,,
H3082,,,
H3083,,,
H3084,,,
H3085,,,
H3087,,,
H3088,,,
H3089,,,
H3090,,,
H3091,,,
H3092,,,
H3093,,,
H3094,,,
H3095,,,
H3097,,,
H3098,,,
H3099,,,
H3100,,,
H3101,,,
H3102,,,
H3103,,,
H3104,,,
H3105,,,
H3106,,,
H3108,,,
H3109,,,
H3112,,,
H3113,,,
H3114,,,
H3116,,,
H3117,,,
H3118,,,
H3120,,,
H3122,,,
H3123,,,
H3124,,,
H3125,,,
H3126,,,
H3128,,,
H3129,,,
H3130,,,
H3131,,,
H3132,,,
H3133,,,
H3134,,,
H3135,,,
H3136,,,
H3137,,,
H3138,,,
H3139,,,
H3140,,,
H3141,,,
H3142,,,
H3145,,,
H3146,,,
H3147,,,
H3149,,,
H3150,,,
H3151,,,
H3152,,,
H3153,,,
H3154,,,
H3155,,,
H3156,,,
H3158,,,
H3159,,,
H3160,,,
H3161,,,
H3162,,,
H3166,,,
H3167,,,
H3168,,,
H3169,,,
H3170,,,
H3172,,,
H3173,,,
H3174,,,
H3175,,,
H3176,,,
H3180,,,
H3182,,,
H3183,,,
H3184,,,
H3187,,,
H3189,,,
H3191,,,
H3192,,,
H3193,,,
H3194,,,
H3198,,,
H3199,,,
H3200,,,
H3203,,,
H3205,,,
H3207,,,
H3209,,,
H3210,,,
H3211,,,
H3212,,,
H3213,,,
H3215,,,
H3216,,,
H3223,,,
H3224,,,
H3229,,,
H3231,,,
H3232,,,
H3233,,,
H3234,,,
H3235,,,
H3236,,,
H3237,,,
H3240,,,
H3241,,,
H3242,,,
H3243,,,
H3244,,,
H3245,,,
H3246,,,
H3247,,,
H3248,,,
H3250,,,
H3251,,,
H3252,,,
H3253,,,
H3254,,,
H3255,,,
H3256,,,
H3257,,,
H3258,,,
H3259,,,
H3261,,,
H3262,,,
H3263,,,
H3264,,,
H3265,,,
H3266,,,
H3267,,,
H3268,,,
H3269,,,
H3270,,,
H3271,,,
H3272,,,
H3273,,,
H3274,,,
H3275,,,
H3276,,,
H3277,,,
H3278,,,
H3279,,,
H3281,,,
H3282,,,
H3283,,,
H3284,,,
H3285,,,
H3287,,,
H3288,,,
H3291,,,
H3292,,,
H3293,,,
H3294,,,
H3295,,,
H3296,,,
H3297,,,
H3298,,,
H3300,,,
H3301,,,
H3302,,,
H3303,,,
H3305,,,
H3307,,,
H3308,,,
H3310,,,
H3311,,,
H3313,,,
H3316,,,
H3317,,,
H3318,,,
H3319,,,
H3320,,,
H3321,,,
H3322,,,
H3324,,,
H3326,,,
H3327,,,
H3330,,,
H3331,,,
H3332,,,
H3333,,,
H3334,,,
H3335,,,
H3336,,,
H3337,,,
H3339,,,
H3340,,,
H3341,,,
H3342,,,
H3343,,,
H3344,,,
H3345,,,
H3347,,,
H3348,,,
H3349,,,
H3350,,,
H3351,,,
H3352,,,
H3354,,,
H3355,,,
H3356,,,
H3357,,,
H3358,,,
H3359,,,
H3360,,,
H3361,,,
H3362,,,
H3364,,,
H3365,,,
H3367,,,
H3368,,,
H3369,,,
H3370,,,
H3371,,,
H3372,,,
H3373,,,
H3374,,,
H3375,,,
H3376,,,
H3377,,,
H3380,,,
H3381,,,
H3382,,,
H3383,,,
H3384,,,
H3386,,,
H3387,,,
H3388,,,
H3389,,,
H3390,,,
H3391,,,
H3393,,,
H3394,,,
H3395,,,
H3396,,,
H3397,,,
H3398,,,
H3400,,,
H3401,,,
H3402,,,
H3406,,,
H3407,,,
H3408,,,
H3409,,,
H3410,,,
H3411,,,
H3412,,,
H3413,,,
H3414,,,
H3415,,,
H3416,,,
H3417,,,
H3419,,,
H3422,,,
H3423,,,
H3425,,,
H3426,,,
H3427,,,
H3428,,,
H3429,,,
H3430,,,
H3431,,,
H3432,,,
H3433,,,
H3434,,,
H3435,,,
H3436,,,
H3437,,,
H3438,,,
H3440,,,
H3441,,,
H3442,,,
H3443,,,
H3444,,,
H3445,,,
H3446,,,
H3447,,,
H3449,,,
H3450,,,
H3451,,,
H3452,,,
H3453,,,
H3454,,,
H3456,,,
H3457,,,
H3458,,,
H3459,,,
H3460,,,
H3461,,,
H3465,,,
H3466,,,
H3467,,,
H3468,,,
H3469,,,
H3471,,,
H3472,,,
H3474,,,
H3476,,,
H3479,,,
H3480,,,
H3481,,,
H3483,,,
H3484,,,
H3485,,,
H3486,,,
H3487,,,
H3489,,,
H3491,,,
H3493,,,
H3494,,,
H3495,,,
H3496,,,
H3497,,,
H3498,,,
H3500,,,
H3501,,,
H3502,,,
H3503,,,
H3504,,,
H3505,,,
H3506,,,
H3507,,,
H3508,,,
H3509,,,
H3510,,,
H3511,,,
H3512,,,
H3513,,,
H3514,,,
H3515,,,
H3516,,,
H3519,,,
H3520,,,
H3521,,,
H3523,,,
H3524,,,
H3525,,,
H3527,,,
H3528,,,
H3529,,,
H3531,,,
H3532,,,
H3536,,,
H3537,,,
H3538,,,
H3540,,,
H3541,,,
H3542,,,
H3543,,,
H3544,,,
H3545,,,
H3546,,,
H3547,,,
H3548,,,
H3549,,,
H3551,,,
H3554,,,
H3556,,,
H3558,,,
H3559,,,
H3560,,,
H3562,,,
H3563,,,
H3564,,,
H3565,,,
H3567,,,
H3568,,,
H3570,,,
H3571,,,
H3572,,,
H3573,,,
H3574,,,
H3575,,,
H3577,,,
H3578,,,
H3579,,,
H3580,,,
H3581,,,
H3582,,,
H3583,,,
H3584,,,
H3585,,,
H3586,,,
H3588,,,
H3589,,,
H3590,,,
H3591,,,
H3592,,,
H3593,,,
H3594,,,
H3595,,,
H3597,,,
H3598,,,
H3599,,,
H3601,,,
H3602,,,
H3605,,,
H3607,,,
H3609,,,
H3610,,,
H3611,,,
H3612,,,
H3614,,,
H3615,,,
H3616,,,
H3617,,,
H3618,,,
H3619,,,
H3620,,,
H3621,,,
H3623,,,
H3625,,,
H3628,,,
H3631,,,
H3632,,,
H3633,,,
H3639,,,
H3642,,,
H3643,,,
H3644,,,
H3645,,,
H3646,,,
H3647,,,
H3648,,,
H3652,,,
H3654,,,
H3656,,,
H3657,,,
H3658,,,
H3659,,,
H3661,,,
H3663,,,
H3664,,,
H3665,,,
H3667,,,
H3668,,,
H3669,,,
H3679,,,
H3680,,,
H3681,,,
H3685,,,
H3686,,,
H3688,,,
H3690,,,
H3694,,,
H3695,,,
H3696,,,
H3697,,,
H3699,,,
H3700,,,
H3701,,,
H3702,,,
H3703,,,
H3704,,,
H3705,,,
H3709,,,
H3710,,,
H3711,,,
H3712,,,
H3713,,,
H3716,,,
H3717,,,
H3718,,,
H3719,,,
H3720,,,
H3722,,,
H3724,,,
H3725,,,
H3728,,,
H3730,,,
H3731,,,
H3732,,,
H3733,,,
H3734,,,
H3735,,,
H3738,,,
H3739,,,
H3740,,,
H3742,,,
H3743,,,
H3746,,,
H3747,,,
H3749,,,
H3751,,,
H3753,,,
H3755,,,
H3756,,,
H3757,,,
H3758,,,
H3760,,,
H3761,,,
H3762,,,
H3763,,,
H3764,,,
H3765,,,
H3766,,,
H3768,,,
H3771,,,
H3772,,,
H3774,,,
H3775,,,
H3779,,,
H3783,,,
H3784,,,
H3785,,,
H3786,,,
H3787,,,
H3788,,,
H3789,,,
H3794,,,
H3796,,,
H3797,,,
H3802,,,
H3805,,,
H3810,,,
H3811,,,
H3812,,,
H3815,,,
H3817,,,
H3819,,,
H3820,,,
H3821,,,
H3822,,,
H3823,,,
H3824,,,
H3825,,,
H3826,,,
H3827,,,
H3828,,,
H3829,,,
H3832,,,
H3834,,,
H3835,,,
H3836,,,
H3837,,,
H3841,,,
H3842,,,
H3845,,,
H3846,,,
H3847,,,
H3851,,,
H3852,,,
H3853,,,
H3854,,,
H3855,,,
H3856,,,
H3857,,,
H3858,,,
H3859,,,
H3860,,,
H3861,,,
H3862,,,
H3863,,,
H3864,,,
H3866,,,
H3867,,,
H3868,,,
H3871,,,
H3872,,,
H3873,,,
H3874,,,
H3876,,,
H3877,,,
H3878,,,
H3879,,,
H3884,,,
H3885,,,
H3886,,,
H3889,,,
H3890,,,
H3891,,,
H3892,,,
H3893,,,
H3897,,,
H3898,,,
H3899,,,
H3901,,,
H3902,,,
H3904,,,
H3905,,,
H3909,,,
H3910,,,
H3912,,,
H3913,,,
H3915,,,
H3917,,,
H3920,,,
H3921,,,
H3922,,,
H3923,,,
H3924,,,
H3926,,,
H3929,,,
H3930,,,
H3931,,,
H3932,,,
H3933,,,
H3937,,,
H3939,,,
H3940,,,
H3941,,,
H3942,,,
H3944,,,
H3945,,,
H3946,,,
H3947,,,
H3948,,,
H3949,,,
H3950,,,
H3952,,,
H3953,,,
H3955,,,
H3957,,,
H3961,,,
H3962,,,
H3963,,,
H3964,,,
H3965,,,
H3971,,,
H3973,,,
H3974,,,
H3981,,,
H3985,,,
H3987,,,
H3989,,,
H3990,,,
H3991,,,
H3994,,,
H3995,,,
H3996,,,
H3997,,,
H3999,,,
H4001,,,
H4003,,,
H4004,,,
H4007,,,
H4008,,,
H4009,,,
H4014,,,
H4015,,,
H4017,,,
H4018,,,
